ms,ax,ay,az,gx,gy,gz
5691570,-0.109619140625,0.9969482421875,-0.076416015625,4.57763671875,4.57763671875,0.0610351525247097
5691591,-0.1107177734375,1.010986328125,-0.0838623046875,5.493163585662842,4.82177734375,0
5691613,-0.11376953125,1.0224609375,-0.098388671875,6.896972179412842,4.45556640625,-0.1831054538488388
5691634,-0.11962890625,1.047119140625,-0.0997314453125,9.1552734375,3.784179449081421,-0.4882812201976776
5691655,-0.1226806640625,1.0850830078125,-0.090087890625,11.413573265075684,3.234863042831421,-1.5258787870407104
5691676,-0.115478515625,1.07763671875,-0.0836181640625,7.873534679412842,2.0751953125,-1.5869139432907104
5691696,-0.1219482421875,1.0347900390625,-0.095947265625,4.8828125,0.7934569716453552,0.6103515625
5691721,-0.128662109375,0.9986572265625,-0.1146240234375,3.845214605331421,-1.0986328125,4.0283203125
5691740,-0.1317138671875,0.9942626953125,-0.1136474609375,4.5166015625,-3.112792730331421,7.202147960662842
5691760,-0.138671875,1.0069580078125,-0.0941162109375,10.742186546325684,-4.0283203125,9.27734375
5691781,-0.13427734375,0.99072265625,-0.0863037109375,16.54052734375,-4.5166015625,10.498045921325684
5691807,-0.130859375,0.969970703125,-0.0662841796875,22.155759811401367,-6.164550304412842,13.977049827575684
5691828,-0.1341552734375,0.9632568359375,-0.032470703125,28.991697311401367,-6.225585460662842,16.90673828125
5691849,-0.137451171875,0.9757080078125,-0.0093994140625,34.60693359375,-5.249022960662842,19.47021484375
5691870,-0.138427734375,0.9814453125,0.0279541015625,37.29248046875,-3.906249761581421,21.240232467651367
5691891,-0.1400146484375,0.97705078125,0.0465087890625,39.55078125,-0.7934569716453552,22.216794967651367
5691917,-0.1331787109375,0.94287109375,0.0316162109375,47.119136810302734,0.2441406100988388,22.460935592651367
5691937,-0.1243896484375,0.9195556640625,0.0220947265625,51.879878997802734,-0.54931640625,23.803709030151367
5691958,-0.13232421875,0.923583984375,0.03369140625,52.856441497802734,-2.44140625,25.756834030151367
5691979,-0.1656494140625,0.9754638671875,0.077880859375,50.354000091552734,-3.723144292831421,25.939939498901367
5692004,-0.175537109375,1.0059814453125,0.077392578125,48.645015716552734,-4.2724609375,24.597166061401367
5692025,-0.1812744140625,1.0081787109375,0.0728759765625,44.860836029052734,-5.249022960662842,22.583005905151367
5692045,-0.182373046875,0.9783935546875,0.0654296875,42.846675872802734,-7.446288585662842,21.972654342651367
5692066,-0.1905517578125,0.965576171875,0.0855712890625,39.306640625,-10.742186546325684,22.399900436401367
5692092,-0.205078125,0.977783203125,0.099365234375,41.381832122802734,-13.916014671325684,21.545408248901367
5692108,-0.20361328125,1.0045166015625,0.094970703125,40.771480560302734,-15.380858421325684,20.874021530151367
5692129,-0.2164306640625,0.9847412109375,0.1160888671875,37.841796875,-18.5546875,18.73779296875
5692150,-0.2177734375,0.9810791015625,0.12841796875,45.166011810302734,-22.277830123901367,15.747069358825684
5692171,-0.2078857421875,0.9853515625,0.1077880859375,43.701168060302734,-26.245115280151367,14.404295921325684
5692197,-0.2059326171875,0.9434814453125,0.0950927734375,37.65869140625,-31.616209030151367,14.465331077575684
5692218,-0.2239990234375,0.9183349609375,0.1221923828125,38.0859375,-37.109375,15.441893577575684
5692239,-0.2449951171875,0.953369140625,0.1563720703125,44.189449310302734,-41.748043060302734,15.197752952575684
5692259,-0.2545166015625,0.971923828125,0.131591796875,47.973628997802734,-49.011226654052734,12.084959983825684
5692285,-0.2503662109375,0.93798828125,0.10546875,48.339839935302734,-55.053707122802734,9.58251953125
5692306,-0.2703857421875,0.9158935546875,0.1075439453125,53.222652435302734,-62.133785247802734,7.507323741912842
5692327,-0.30322265625,0.923583984375,0.149658203125,54.260250091552734,-68.115234375,5.920409679412842
5692347,-0.339111328125,1.0177001953125,0.1416015625,50.842281341552734,-75.0732421875,-0.1831054538488388
5692368,-0.3455810546875,1.0589599609375,0.0997314453125,41.076656341552734,-80.32225799560547,-6.164550304412842
5692393,-0.34326171875,1.0325927734375,0.083251953125,30.456541061401367,-86.36473846435547,-12.390135765075684
5692414,-0.3594970703125,1.0076904296875,0.106201171875,7.080077648162842,-89.47753143310547,-18.37158203125
5692430,-0.380615234375,1.0164794921875,0.0963134765625,-26.062009811401367,-88.07372283935547,-20.385740280151367
5692451,-0.3944091796875,1.03369140625,0.1011962890625,-40.954586029052734,-88.25682830810547,-26.245115280151367
5692477,-0.385986328125,1.02734375,0.090087890625,-42.480464935302734,-87.46337127685547,-35.888671875
5692498,-0.3623046875,1.020751953125,0.081787109375,-46.813961029052734,-87.15819549560547,-39.73388671875
5692519,-0.348876953125,1.0323486328125,0.08203125,-40.710445404052734,-86.42577362060547,-45.532222747802734
5692540,-0.3309326171875,0.841796875,0.14697265625,-37.9638671875,-74.5849609375,-42.663570404052734
5692561,-0.2900390625,0.7266845703125,0.1260986328125,74.8291015625,-65.4296875,-0.1831054538488388
5692587,-0.243896484375,1.2716064453125,0.179931640625,37.841796875,-64.02587890625,-12.878417015075684
5692608,-0.23095703125,1.1995849609375,0.1773681640625,-34.60693359375,-55.847164154052734,-59.875484466552734
5692628,-0.1917724609375,0.9669189453125,0.1595458984375,3.540038824081421,-50.476070404052734,-66.2841796875
5692648,-0.1563720703125,0.988525390625,0.1583251953125,21.057126998901367,-45.288082122802734,-63.049312591552734
5692673,-0.1263427734375,0.989990234375,0.170654296875,-21.484373092651367,-33.69140625,-64.14794921875
5692694,-0.10546875,1.000244140625,0.1566162109375,-29.602048873901367,-26.367185592651367,-66.83349609375
5692714,-0.109619140625,0.9796142578125,0.1549072265625,-7.629394054412842,-22.705076217651367,-70.73974609375
5692734,-0.1090087890625,1.0225830078125,0.20361328125,2.685546636581421,-14.160155296325684,-78.30810546875
5692755,-0.130126953125,1.065185546875,0.212646484375,-40.527339935302734,-0.0610351525247097,-97.10692596435547
5692781,-0.0828857421875,0.992431640625,0.225830078125,-20.385740280151367,10.742186546325684,-95.09276580810547
5692798,-0.0050048828125,1.1290283203125,0.25,-15.747069358825684,25.512693405151367,-91.12548065185547
5692819,0.0804443359375,1.1326904296875,0.2412109375,-47.851558685302734,44.372554779052734,-102.53905487060547
5692839,0.1251220703125,1.10302734375,0.25146484375,-37.53662109375,52.856441497802734,-108.45946502685547
5692864,0.1231689453125,1.102783203125,0.325927734375,-22.338865280151367,62.988277435302734,-113.40331268310547
5692885,0.08154296875,1.174072265625,0.4256591796875,-22.216794967651367,82.76366424560547,-119.14061737060547
5692906,0.0401611328125,1.102294921875,0.3818359375,-30.334470748901367,108.88671112060547,-121.09374237060547
5692927,0.1236572265625,1.2257080078125,0.2747802734375,-30.090330123901367,140.13671875,-115.90575408935547
5692949,0.25439453125,1.0909423828125,0.16162109375,-80.93260955810547,145.81298828125,-127.25829315185547
5692970,0.3905029296875,0.9678955078125,0.1705322265625,-87.09716033935547,142.822265625,-132.2021484375
5692991,0.433837890625,1.035888671875,0.214599609375,-74.951171875,148.37646484375,-125.42723846435547
5693011,0.4022216796875,0.7867431640625,0.2020263671875,-15.563963890075684,160.70555114746094,-95.27587127685547
5693031,0.3726806640625,1.0267333984375,0.2281494140625,-62.133785247802734,169.67771911621094,-111.75536346435547
5693057,0.4935302734375,0.6904296875,0.0184326171875,-110.96190643310547,185.11961364746094,-125.54930877685547
5693078,0.52783203125,0.67138671875,-0.0186767578125,-8.4228515625,177.73435974121094,-99.24315643310547
5693099,0.464599609375,0.3900146484375,0.135009765625,218.26170349121094,188.11033630371094,-44.860836029052734
5693120,0.358642578125,1.234130859375,0.486572265625,235.16844177246094,218.81101989746094,-3.540038824081421
5693145,0.1656494140625,1.3905029296875,0.4210205078125,25.573728561401367,271.728515625,-64.5751953125
5693166,0.0050048828125,0.9085693359375,0.268798828125,58.532711029052734,309.2041015625,-47.668453216552734
5693187,0.013427734375,0.9759521484375,0.04345703125,97.77831268310547,327.8197937011719,-42.785640716552734
5693208,0.111572265625,0.9111328125,-0.062744140625,146.54541015625,326.7211608886719,-31.249998092651367
5693228,0.1319580078125,0.939697265625,-0.0157470703125,146.8505859375,326.7821960449219,-9.6435546875
5693253,0.0098876953125,1.044921875,0.09326171875,153.9306640625,330.2611999511719,6.164550304412842
5693273,-0.1077880859375,1.0517578125,0.209716796875,134.521484375,342.6513366699219,22.399900436401367
5693295,-0.161865234375,0.998779296875,0.1864013671875,120.11717987060547,352.9662780761719,34.1796875
5693316,-0.1978759765625,0.929931640625,0.1817626953125,177.85643005371094,353.8818054199219,43.884273529052734
5693337,-0.23974609375,0.93505859375,0.209716796875,248.96238708496094,355.5297546386719,59.936519622802734
5693363,-0.310546875,0.95849609375,0.118408203125,218.44480895996094,359.3749694824219,94.54344940185547
5693384,-0.3575439453125,1.0072021484375,0.1357421875,236.75535583496094,351.8676452636719,107.23876190185547
5693405,-0.389404296875,1.13623046875,-0.055419921875,248.96238708496094,348.3276062011719,120.11717987060547
5693425,-0.8323974609375,1.2366943359375,-0.3436279296875,51.879878997802734,-84.35057830810547,106.20116424560547
5693451,-0.2529296875,0.11962890625,2.19091796875,23.193357467651367,-207.27537536621094,32.958984375
5693472,-0.3482666015625,0.559326171875,1.636474609375,-11.535643577575684,-101.74559783935547,105.46874237060547
5693492,-0.33935546875,0.5010986328125,1.2049560546875,259.70458984375,-95.33690643310547,91.67479705810547
5693512,-0.1456298828125,0.7279052734375,0.552490234375,276.30615234375,-92.89550018310547,99.18212127685547
5693537,-0.1246337890625,0.943115234375,0.343994140625,215.88133239746094,-107.23876190185547,105.04149627685547
5693558,-0.220703125,0.8997802734375,0.34765625,179.13816833496094,-123.65721893310547,106.56737518310547
5693579,-0.3800048828125,0.8037109375,0.5281982421875,173.64500427246094,-135.009765625,105.59081268310547
5693600,-0.4808349609375,0.748291015625,0.6265869140625,149.10888671875,-143.06640625,107.42186737060547
5693621,-0.537109375,0.739501953125,0.6239013671875,120.54442596435547,-147.39990234375,107.78807830810547
5693647,-0.5855712890625,0.922607421875,0.588623046875,118.71337127685547,-152.16064453125,87.34130096435547
5693667,-0.619140625,0.575927734375,0.5662841796875,97.10692596435547,-158.38623046875,52.368160247802734
5693688,-0.6602783203125,0.613525390625,0.6036376953125,82.51952362060547,-157.2265625,58.044429779052734
5693709,-0.6973876953125,0.657958984375,0.62353515625,75.50048828125,-153.01513671875,26.916501998901367
5693735,-0.7091064453125,0.41748046875,0.5816650390625,87.46337127685547,-150.32958984375,31.494138717651367
5693755,-0.7142333984375,0.502685546875,0.6070556640625,70.80078125,-141.90673828125,34.1796875
5693776,-0.7203369140625,0.62451171875,0.505126953125,120.17821502685547,-134.70458984375,49.499507904052734
5693796,-0.7305908203125,0.573974609375,0.4976806640625,79.65087890625,-129.33349609375,20.202634811401367
5693822,-0.7095947265625,0.4566650390625,0.458984375,84.59471893310547,-124.45067596435547,14.526366233825684
5693842,-0.688232421875,0.504638671875,0.4375,78.43017578125,-119.32372283935547,0.6103515625
5693863,-0.6749267578125,0.4080810546875,0.36962890625,77.94189453125,-113.40331268310547,-0.1831054538488388
5693884,-0.67578125,0.5035400390625,0.309814453125,81.11571502685547,-109.61913299560547,-11.840819358825684
5693904,-0.6787109375,0.46240234375,0.277099609375,61.279293060302734,-107.84911346435547,-20.690916061401367
5693925,-0.6900634765625,0.365478515625,0.3048095703125,81.11571502685547,-102.96630096435547,-20.141599655151367
5693949,-0.7008056640625,0.4949951171875,0.2730712890625,107.36083221435547,-92.52928924560547,-21.423337936401367
5693969,-0.7039794921875,0.597900390625,0.165283203125,68.84765625,-90.57616424560547,-44.128414154052734
5693990,-0.712890625,0.317626953125,0.2327880859375,48.400875091552734,-76.904296875,-37.7197265625
5694015,-0.713134765625,0.457763671875,0.161865234375,87.95165252685547,-63.110347747802734,-26.916501998901367
5694036,-0.730224609375,0.5501708984375,0.0894775390625,89.96581268310547,-62.805171966552734,-48.034664154052734
5694057,-0.739990234375,0.484619140625,0.1036376953125,87.89061737060547,-60.668941497802734,-60.241695404052734
5694078,-0.7222900390625,0.5147705078125,0.1441650390625,56.396480560302734,-45.776363372802734,-61.340328216552734
5694098,-0.7315673828125,0.6683349609375,0.062744140625,39.61181640625,-29.174802780151367,-56.701656341552734
5694123,-0.7852783203125,0.697509765625,0.030517578125,9.6435546875,-30.151365280151367,-82.21434783935547
5694143,-0.840576171875,0.6143798828125,0.079833984375,50.415035247802734,-25.268552780151367,-87.64647674560547
5694165,-0.9134521484375,0.6864013671875,0.08447265625,63.537593841552734,-25.573728561401367,-83.43505096435547
5694186,-0.950927734375,0.774169921875,0.08935546875,7.934569835662842,-12.145995140075684,-72.81494140625
5694207,-0.9630126953125,0.805419921875,0.06640625,24.353025436401367,-10.925292015075684,-78.18603515625
5694233,-0.94677734375,0.7020263671875,0.0523681640625,30.883787155151367,-16.29638671875,-70.12939453125
5694254,-0.879638671875,0.583251953125,0.0220947265625,38.0859375,-22.155759811401367,-52.612300872802734
5694274,-0.84326171875,0.5538330078125,0.001708984375,69.580078125,-35.21728515625,-24.353025436401367
5694294,-0.82470703125,0.5748291015625,-0.0010986328125,98.51073455810547,-46.447750091552734,-11.047362327575684
5694319,-0.814208984375,0.6319580078125,0.0504150390625,110.29051971435547,-54.016109466552734,-3.845214605331421
5694341,-0.787841796875,0.66015625,0.0611572265625,93.20067596435547,-56.030269622802734,0.2441406100988388
5694360,-0.7506103515625,0.666015625,0.0419921875,95.39794158935547,-59.448238372802734,-0.8544921278953552
5694381,-0.6929931640625,0.639892578125,0.0701904296875,84.77782440185547,-63.049312591552734,-3.540038824081421
5694407,-0.6197509765625,0.56884765625,0.02783203125,47.546382904052734,-64.3310546875,-3.417968511581421
5694428,-0.5775146484375,0.605712890625,0.045654296875,60.363765716552734,-66.40625,-8.4228515625
5694449,-0.5653076171875,0.741455078125,0.038818359375,75.3173828125,-67.81005859375,-21.911619186401367
5694470,-0.55712890625,0.7860107421875,0.0809326171875,55.053707122802734,-70.556640625,-42.358394622802734
5694491,-0.5445556640625,0.7921142578125,-0.033447265625,6.225585460662842,-72.8759765625,-43.212886810302734
5694517,-0.5770263671875,0.8092041015625,-0.0234375,-13.366698265075684,-81.48192596435547,-50.964351654052734
5694537,-0.633544921875,0.785400390625,-0.009521484375,-27.099607467651367,-85.63231658935547,-55.847164154052734
5694558,-0.6837158203125,0.8172607421875,-0.0223388671875,-34.3017578125,-89.17235565185547,-61.157222747802734
5694578,-0.720947265625,0.8558349609375,0.00244140625,-72.57080078125,-86.79198455810547,-71.044921875
5694604,-0.7344970703125,0.849853515625,-0.09423828125,-57.861324310302734,-85.57128143310547,-85.81542205810547
5694624,-0.7105712890625,0.844482421875,-0.17333984375,-25.573728561401367,-86.24266815185547,-93.32274627685547
5694645,-0.6854248046875,0.9041748046875,-0.198486328125,-2.44140625,-88.37889862060547,-109.31395721435547
5694665,-0.6390380859375,0.9342041015625,-0.173828125,-8.36181640625,-85.51024627685547,-131.4697265625
5694688,-0.5653076171875,0.8974609375,-0.2398681640625,-22.277830123901367,-79.40673828125,-140.0146484375
5694708,-0.4874267578125,0.95654296875,-0.197998046875,-10.009765625,-74.40185546875,-149.71923828125
5694729,-0.331298828125,1.1090087890625,-0.2210693359375,18.6767578125,-69.51904296875,-167.05320739746094
5694750,-0.2230224609375,1.2073974609375,-0.162841796875,-34.66796875,-49.499507904052734,-186.09617614746094
5694771,-0.0732421875,1.0318603515625,-0.1885986328125,-78.125,-30.151365280151367,-165.03904724121094
5694797,0.03564453125,1.1622314453125,-0.267333984375,-33.99658203125,-24.047849655151367,-141.78466796875
5694818,0.05419921875,1.0216064453125,-0.057861328125,-77.45361328125,-11.657713890075684,-160.94969177246094
5694839,0.1153564453125,0.7606201171875,-0.0350341796875,-63.537593841552734,31.433103561401367,-128.90625
5694860,0.1212158203125,1.45556640625,-0.0267333984375,6.103515148162842,53.466793060302734,-141.9677734375
5694885,0.1024169921875,1.349609375,-0.12939453125,-31.921384811401367,65.85693359375,-222.47312927246094
5694906,0.1419677734375,0.927978515625,0.0081787109375,-55.603023529052734,90.88134002685547,-219.48240661621094
5694927,0.2723388671875,1.131591796875,0.0645751953125,64.14794921875,117.06542205810547,-167.48045349121094
5694948,0.3514404296875,1.3753662109375,-0.1134033203125,-46.508785247802734,160.58349609375,-149.90234375
5694968,0.3673095703125,1.179931640625,-0.114013671875,-162.10935974121094,165.03904724121094,-198.42527770996094
5694993,0.3948974609375,0.785888671875,-0.18017578125,-97.96141815185547,167.05320739746094,-176.75779724121094
5695013,0.3656005859375,0.990966796875,-0.002685546875,-14.770506858825684,177.06297302246094,-154.6630859375
5695035,0.2152099609375,1.033203125,-0.044677734375,33.935546875,219.72654724121094,-145.263671875
5695055,0.1458740234375,0.944580078125,-0.1343994140625,46.691890716552734,233.15428161621094,-128.72314453125
5695079,0.0867919921875,0.898681640625,-0.1612548828125,59.143062591552734,234.92430114746094,-106.20116424560547
5695098,-0.0028076171875,1.055419921875,0.0498046875,98.26659393310547,244.56785583496094,-91.24755096435547
5695119,-0.094970703125,1.340576171875,0.280029296875,102.96630096435547,280.70068359375,-93.20067596435547
5695140,-0.0743408203125,1.189697265625,-0.0399169921875,86.12059783935547,314.94140625,-99.36522674560547
5695161,-0.014892578125,1.0260009765625,-0.185791015625,90.88134002685547,319.15283203125,-83.92333221435547
5695187,-0.0250244140625,1.0067138671875,-0.0699462890625,105.04149627685547,313.90380859375,-68.359375
5695208,-0.0621337890625,1.0787353515625,0.0677490234375,108.09325408935547,323.8525085449219,-59.448238372802734
5695229,-0.0660400390625,1.0830078125,0.0689697265625,116.33300018310547,338.5619812011719,-54.748531341552734
5695250,-0.0406494140625,1.02197265625,-0.1343994140625,103.45458221435547,359.1918640136719,-39.73388671875
5695276,-0.013916015625,0.873046875,-0.28857421875,84.89989471435547,351.0131530761719,-28.686521530151367
5695296,-0.1246337890625,0.876708984375,-0.1319580078125,129.57763671875,349.3041687011719,-16.7236328125
5695317,-0.2060546875,0.8577880859375,-0.1627197265625,182.92234802246094,353.6376647949219,-1.5258787870407104
5695338,-0.3167724609375,0.95849609375,-0.007080078125,355.7128601074219,337.9516296386719,35.64453125
5695358,-0.6695556640625,0.6787109375,-0.956787109375,186.46238708496094,273.4375,91.24755096435547
5695384,-0.735107421875,1.3594970703125,-0.37744140625,-116.82128143310547,-257.26318359375,139.70947265625
5695405,-0.366455078125,1.2584228515625,2.1337890625,-192.26072692871094,-197.63182067871094,147.88818359375
5695426,-0.48486328125,0.3013916015625,1.203857421875,204.04051208496094,-78.67431640625,190.06346130371094
5695447,-0.3785400390625,0.961181640625,0.693115234375,293.27392578125,-90.45409393310547,184.99754333496094
5695472,-0.3515625,0.7091064453125,0.2928466796875,298.4619140625,-110.41259002685547,183.65476989746094
5695493,-0.45556640625,0.9495849609375,0.2796630859375,341.0033874511719,-138.671875,191.77244567871094
5695514,-0.585205078125,1.029541015625,0.449462890625,305.60302734375,-159.66796875,181.51853942871094
5695535,-0.677978515625,1.1431884765625,0.619873046875,135.498046875,-181.94578552246094,93.44481658935547
5695561,-0.690185546875,0.603271484375,0.6864013671875,69.7021484375,-178.16160583496094,103.51561737060547
5695582,-0.727783203125,0.869384765625,0.6497802734375,157.40966796875,-168.21287536621094,126.34276580810547
5695603,-0.6964111328125,0.80224609375,0.479736328125,184.87547302246094,-163.87937927246094,111.93846893310547
5695623,-0.672119140625,0.9598388671875,0.3846435546875,171.38670349121094,-163.08592224121094,105.16356658935547
5695643,-0.6778564453125,0.46044921875,0.4453125,87.52440643310547,-159.423828125,63.293453216552734
5695668,-0.7197265625,0.434814453125,0.4317626953125,162.35350036621094,-149.5361328125,92.28514862060547
5695689,-0.7357177734375,0.7501220703125,0.45166015625,151.42822265625,-145.20263671875,62.255855560302734
5695709,-0.725830078125,0.607666015625,0.3878173828125,135.55908203125,-141.78466796875,28.930662155151367
5695728,-0.6846923828125,0.560791015625,0.296875,116.21092987060547,-140.5029296875,23.864744186401367
5695753,-0.6575927734375,0.6163330078125,0.174560546875,84.59471893310547,-137.451171875,24.658201217651367
5695773,-0.65576171875,0.5780029296875,0.156494140625,75.8056640625,-138.85498046875,9.521484375
5695793,-0.6475830078125,0.5347900390625,0.1495361328125,120.36132049560547,-124.93895721435547,14.953612327575684
5695814,-0.6182861328125,0.56787109375,0.1260986328125,75.8056640625,-115.17333221435547,-20.874021530151367
5695834,-0.5712890625,0.45361328125,0.0389404296875,70.37353515625,-110.83983612060547,-31.433103561401367
5695857,-0.5404052734375,0.5263671875,-0.03369140625,71.1669921875,-109.06981658935547,-34.36279296875
5695878,-0.5179443359375,0.4893798828125,-0.030517578125,63.476558685302734,-103.82079315185547,-42.785640716552734
5695899,-0.494140625,0.452880859375,-0.1214599609375,78.30810546875,-96.86278533935547,-46.386714935302734
5695919,-0.4783935546875,0.4830322265625,-0.170654296875,74.03564453125,-94.78759002685547,-66.7724609375
5695945,-0.4573974609375,0.4984130859375,-0.165283203125,49.987789154052734,-91.85790252685547,-79.345703125
5695966,-0.4671630859375,0.5255126953125,-0.13232421875,56.030269622802734,-78.369140625,-83.06884002685547
5695986,-0.4835205078125,0.624755859375,-0.2322998046875,61.157222747802734,-69.9462890625,-89.53856658935547
5696006,-0.5113525390625,0.594482421875,-0.21875,46.874996185302734,-73.18115234375,-104.30907440185547
5696027,-0.537841796875,0.5220947265625,-0.19140625,46.386714935302734,-61.645503997802734,-96.80175018310547
5696052,-0.5977783203125,0.68603515625,-0.2452392578125,58.654781341552734,-61.401363372802734,-96.80175018310547
5696073,-0.6702880859375,0.910400390625,-0.0477294921875,40.771480560302734,-42.907711029052734,-112.67089080810547
5696094,-0.7633056640625,1.0743408203125,-0.2490234375,-40.588375091552734,-23.986814498901367,-159.72900390625
5696115,-0.8514404296875,0.949951171875,-0.42626953125,-46.630855560302734,-22.766111373901367,-170.83738708496094
5696141,-0.8848876953125,0.9234619140625,-0.440185546875,-29.846189498901367,-25.512693405151367,-159.3017578125
5696161,-0.856689453125,0.9483642578125,-0.455322265625,-14.770506858825684,-26.916501998901367,-139.83154296875
5696179,-0.77587890625,1.01611328125,-0.541259765625,-37.353515625,-29.968259811401367,-117.24852752685547
5696200,-0.6864013671875,0.982421875,-0.562744140625,-52.429195404052734,-33.99658203125,-92.10204315185547
5696221,-0.6097412109375,0.9049072265625,-0.5386962890625,-19.34814453125,-39.24560546875,-69.27490234375
5696246,-0.5142822265625,0.8133544921875,-0.487548828125,20.324705123901367,-44.555660247802734,-48.278804779052734
5696267,-0.47021484375,0.829345703125,-0.415771484375,39.6728515625,-47.302242279052734,-29.479978561401367
5696288,-0.4112548828125,0.9041748046875,-0.333984375,30.151365280151367,-43.395992279052734,-11.657713890075684
5696309,-0.3455810546875,0.949951171875,-0.307861328125,10.192870140075684,-37.53662109375,-5.615233898162842
5696334,-0.30419921875,0.9442138671875,-0.247802734375,26.184080123901367,-32.89794921875,-4.94384765625
5696355,-0.26953125,0.936767578125,-0.2159423828125,47.241207122802734,-26.611326217651367,-7.446288585662842
5696375,-0.2315673828125,0.8905029296875,-0.2420654296875,37.17041015625,-19.95849609375,-9.1552734375
5696394,-0.223388671875,0.8402099609375,-0.247802734375,45.410152435302734,-16.78466796875,-12.329100608825684
5696421,-0.2330322265625,0.8297119140625,-0.21826171875,60.302730560302734,-17.02880859375,-15.014647483825684
5696442,-0.2376708984375,0.9095458984375,-0.156982421875,39.97802734375,-10.925292015075684,-19.8974609375
5696463,-0.2384033203125,0.96826171875,-0.2032470703125,-6.530761241912842,-2.0751953125,-27.221677780151367
5696483,-0.26123046875,0.943359375,-0.19189453125,-11.840819358825684,3.601073980331421,-37.59765625
5696504,-0.24951171875,0.962646484375,-0.19287109375,-2.01416015625,8.4228515625,-46.142574310302734
5696528,-0.21142578125,0.9913330078125,-0.2100830078125,-8.6669921875,15.014647483825684,-54.138179779052734
5696548,-0.1756591796875,1.0498046875,-0.25537109375,-39.1845703125,22.460935592651367,-61.218257904052734
5696569,-0.1435546875,1.026123046875,-0.2587890625,-42.297359466552734,28.442380905151367,-70.4345703125
5696590,-0.1109619140625,0.986328125,-0.291748046875,-42.663570404052734,40.283199310302734,-83.37401580810547
5696615,-0.0789794921875,0.9500732421875,-0.29833984375,-44.555660247802734,46.508785247802734,-89.41649627685547
5696636,-0.0487060546875,0.757568359375,-0.1903076171875,16.2353515625,63.781734466552734,-81.54296112060547
5696657,0.015869140625,1.184326171875,-0.2777099609375,105.16356658935547,83.49608612060547,-46.386714935302734
5696677,0.0821533203125,1.1898193359375,-0.2557373046875,62.377925872802734,84.28954315185547,-74.15771484375
5696697,0.1387939453125,1.28271484375,-0.2178955078125,8.72802734375,95.64208221435547,-111.87743377685547
5696722,0.1773681640625,1.1617431640625,-0.203125,-4.8828125,102.66112518310547,-127.50243377685547
5696743,0.2080078125,1.17236328125,-0.18701171875,-21.118162155151367,107.66600799560547,-130.79833984375
5696764,0.2274169921875,1.152099609375,-0.1556396484375,-46.386714935302734,113.34227752685547,-138.24462890625
5696785,0.18603515625,1.038818359375,-0.0478515625,-40.710445404052734,120.11717987060547,-145.1416015625
5696811,0.176025390625,1.0814208984375,-0.0169677734375,2.746581792831421,135.92529296875,-152.77099609375
5696832,0.171630859375,1.1253662109375,-0.017578125,7.019042491912842,149.658203125,-156.79931640625
5696852,0.16064453125,1.14306640625,-0.04736328125,3.540038824081421,161.74314880371094,-160.70555114746094
5696873,0.125244140625,1.16845703125,-0.066162109375,-5.920409679412842,170.47117614746094,-164.73387145996094
5696894,0.10205078125,1.22998046875,-0.043701171875,-52.795406341552734,186.52342224121094,-173.82810974121094
5696920,0.1912841796875,1.252685546875,-0.063232421875,-93.87206268310547,202.02635192871094,-184.32615661621094
5696938,0.3133544921875,1.0079345703125,-0.2921142578125,-98.81591033935547,208.49607849121094,-189.02586364746094
5696959,0.4227294921875,0.7825927734375,-0.387451171875,-91.49169158935547,200.25633239746094,-177.12400817871094
5696979,0.464111328125,0.708251953125,-0.293701171875,-36.865234375,195.73973083496094,-163.81834411621094
5697003,0.4849853515625,0.6055908203125,-0.095703125,163.75730895996094,216.36961364746094,-120.17821502685547
5697023,0.4757080078125,1.0936279296875,-0.2291259765625,114.37987518310547,234.25291442871094,-129.33349609375
5697044,0.50732421875,0.6875,-0.229248046875,104.00389862060547,254.94383239746094,-128.90625
5697064,0.4715576171875,0.695556640625,-0.25830078125,161.68211364746094,281.982421875,-92.34618377685547
5697083,0.4224853515625,0.7523193359375,-0.23291015625,220.15379333496094,294.73876953125,-72.265625
5697109,0.372314453125,0.87158203125,-0.2259521484375,270.56884765625,304.8095703125,-47.119136810302734
5697129,0.322998046875,0.9847412109375,-0.2105712890625,241.08885192871094,315.4296875,-18.6767578125
5697150,0.188720703125,1.1021728515625,-0.04443359375,202.39256286621094,326.3549499511719,14.953612327575684
5697171,0.0546875,1.115234375,0.14990234375,258.7890625,331.6039733886719,32.04345703125
5697197,-0.08056640625,1.1368408203125,0.2161865234375,437.7441101074219,332.4584655761719,49.499507904052734
5697218,-0.0775146484375,0.97607421875,-0.041259765625,464.4775085449219,307.67822265625,103.57665252685547
5697239,-0.2613525390625,1.439208984375,-1.646484375,48.095699310302734,33.50830078125,112.36571502685547
5697260,0.073486328125,0.5013427734375,1.84912109375,155.82275390625,-87.64647674560547,102.90526580810547
5697285,0.1031494140625,0.4215087890625,1.030029296875,219.36033630371094,-52.246089935302734,150.5126953125
5697306,0.0572509765625,0.7174072265625,0.6585693359375,331.6039733886719,-92.10204315185547,169.86082458496094
5697326,-0.099365234375,1.221923828125,0.1998291015625,138.97705078125,-95.64208221435547,182.25096130371094
5697347,-0.238525390625,1.0206298828125,0.314208984375,170.16600036621094,-125.06102752685547,153.80859375
5697368,-0.307373046875,0.7506103515625,0.55224609375,199.09666442871094,-141.6015625,140.31982421875
5697394,-0.36328125,0.6279296875,0.6954345703125,191.34519958496094,-147.88818359375,137.14599609375
5697414,-0.3817138671875,0.8751220703125,0.6663818359375,180.54197692871094,-152.03857421875,115.84471893310547
5697435,-0.3875732421875,0.79931640625,0.5986328125,151.30615234375,-157.28759765625,78.30810546875
5697456,-0.4156494140625,0.65576171875,0.534912109375,124.93895721435547,-159.11865234375,85.51024627685547
5697481,-0.4359130859375,0.794921875,0.4964599609375,95.27587127685547,-156.43310546875,71.2890625
5697502,-0.46875,0.7064208984375,0.46533203125,71.2890625,-159.5458984375,45.776363372802734
5697523,-0.5235595703125,0.4671630859375,0.558837890625,19.47021484375,-153.86962890625,40.832515716552734
5697543,-0.5560302734375,0.4891357421875,0.518310546875,99.91454315185547,-142.39501953125,69.88525390625
5697562,-0.5853271484375,0.648681640625,0.480224609375,144.4091796875,-137.451171875,51.452632904052734
5697588,-0.5999755859375,0.6031494140625,0.4024658203125,131.9580078125,-133.056640625,35.21728515625
5697609,-0.6270751953125,0.569091796875,0.4300537109375,106.99462127685547,-129.7607421875,18.73779296875
5697630,-0.6431884765625,0.506591796875,0.4013671875,95.76415252685547,-125.36620330810547,8.544921875
5697651,-0.65576171875,0.50634765625,0.388916015625,105.46874237060547,-121.76512908935547,-1.8310545682907104
5697677,-0.669921875,0.5225830078125,0.3243408203125,117.67577362060547,-112.60985565185547,-19.10400390625
5697698,-0.684326171875,0.4901123046875,0.3143310546875,109.19188690185547,-111.51122283935547,-28.442380905151367
5697719,-0.6871337890625,0.48388671875,0.3262939453125,94.17723846435547,-107.54393768310547,-39.0625
5697740,-0.6737060546875,0.5146484375,0.277099609375,63.232418060302734,-103.14940643310547,-60.119625091552734
5697761,-0.665771484375,0.3818359375,0.2431640625,105.83495330810547,-96.86278533935547,-63.354488372802734
5697787,-0.655517578125,0.546875,0.16162109375,113.83055877685547,-93.01757049560547,-65.91796875
5697808,-0.674560546875,0.59521484375,0.151611328125,84.22850799560547,-91.30858612060547,-77.7587890625
5697829,-0.684326171875,0.5653076171875,0.1575927734375,60.791011810302734,-88.68407440185547,-85.69335174560547
5697850,-0.647216796875,0.5244140625,0.1082763671875,56.762691497802734,-83.49608612060547,-97.83934783935547
5697875,-0.6204833984375,0.5631103515625,0.070556640625,65.185546875,-81.48192596435547,-107.05565643310547
5697895,-0.610595703125,0.640380859375,0.022705078125,48.828121185302734,-78.61328125,-115.90575408935547
5697916,-0.6173095703125,0.661376953125,0.0064697265625,13.916014671325684,-77.57568359375,-122.98583221435547
5697936,-0.62158203125,0.595947265625,-0.0078125,-4.7607421875,-77.81982421875,-126.89208221435547
5697956,-0.613525390625,0.4937744140625,0.0150146484375,-9.1552734375,-79.52880859375,-123.71825408935547
5697982,-0.65869140625,0.95166015625,0.1492919921875,2.38037109375,-73.3642578125,-120.17821502685547
5698003,-0.69091796875,0.9453125,0.052490234375,-83.80126190185547,-56.030269622802734,-152.34375
5698024,-0.6983642578125,1.044921875,-0.0794677734375,-99.24315643310547,-52.673336029052734,-155.70068359375
5698044,-0.685302734375,0.9134521484375,-0.0343017578125,-65.185546875,-48.278804779052734,-148.74267578125
5698068,-0.6773681640625,0.271728515625,0.0540771484375,181.27439880371094,-31.616209030151367,-33.99658203125
5698089,-0.6934814453125,1.6080322265625,-0.232421875,64.27001953125,-21.362302780151367,-75.68359375
5698107,-0.66259765625,1.13232421875,-0.18310546875,-92.95653533935547,-46.264644622802734,-149.47509765625
5698128,-0.5960693359375,0.796875,-0.1951904296875,-49.987789154052734,-49.011226654052734,-91.12548065185547
5698154,-0.5784912109375,0.8367919921875,-0.182861328125,-12.390135765075684,-50.354000091552734,-68.42041015625
5698173,-0.579345703125,0.8990478515625,-0.150390625,2.01416015625,-47.973628997802734,-48.645015716552734
5698194,-0.5933837890625,0.9339599609375,-0.093505859375,18.73779296875,-42.663570404052734,-32.958984375
5698215,-0.5953369140625,0.9239501953125,-0.0526123046875,49.743648529052734,-34.24072265625,-12.756346702575684
5698235,-0.58544921875,0.91748046875,-0.042724609375,66.10107421875,-28.869626998901367,-0.8544921278953552
5698259,-0.5648193359375,0.920654296875,-0.04248046875,79.65087890625,-25.451658248901367,8.60595703125
5698278,-0.5416259765625,0.952880859375,-0.041015625,90.63719940185547,-24.414060592651367,14.526366233825684
5698299,-0.515869140625,0.9661865234375,-0.0242919921875,67.7490234375,-23.803709030151367,19.8974609375
5698314,-0.49853515625,0.9581298828125,0.00537109375,47.607418060302734,-24.291990280151367,23.254392623901367
5698339,-0.49365234375,0.93408203125,0.056396484375,44.067378997802734,-23.437498092651367,23.315427780151367
5698360,-0.4903564453125,0.8934326171875,0.062744140625,43.212886810302734,-23.437498092651367,23.193357467651367
5698379,-0.4920654296875,0.846923828125,0.068115234375,35.09521484375,-24.047849655151367,23.620603561401367
5698400,-0.505126953125,0.8072509765625,0.0821533203125,21.179197311401367,-24.169919967651367,24.169919967651367
5698421,-0.5181884765625,0.84716796875,0.0865478515625,-0.9155272841453552,-25.207517623901367,16.78466796875
5698447,-0.523193359375,0.91357421875,0.021484375,-59.997554779052734,-30.761716842651367,-6.469726085662842
5698468,-0.5262451171875,0.5401611328125,0.138671875,-42.785640716552734,-26.794431686401367,10.314940452575684
5698488,-0.523681640625,0.812255859375,0.018310546875,0.30517578125,-20.690916061401367,25.207517623901367
5698509,-0.5250244140625,0.791748046875,0.005615234375,-5.554198741912842,-24.230955123901367,17.76123046875
5698535,-0.52392578125,0.7720947265625,-0.00341796875,0.8544921278953552,-26.489255905151367,15.869139671325684
5698556,-0.5277099609375,0.8035888671875,-0.0042724609375,-3.906249761581421,-28.381345748901367,16.357421875
5698577,-0.5260009765625,0.87646484375,-0.025634765625,-20.935056686401367,-29.113767623901367,15.075682640075684
5698598,-0.5172119140625,0.836669921875,-0.0479736328125,-25.573728561401367,-30.212400436401367,12.756346702575684
5698618,-0.5146484375,0.8099365234375,-0.046875,-13.793944358825684,-31.738279342651367,13.793944358825684
5698643,-0.51123046875,0.7974853515625,-0.0455322265625,-8.6669921875,-33.02001953125,15.502928733825684
5698665,-0.5010986328125,0.78662109375,-0.0330810546875,-9.82666015625,-33.38623046875,16.66259765625
5698684,-0.4932861328125,0.765380859375,-0.0367431640625,-1.03759765625,-32.53173828125,16.41845703125
5698705,-0.479248046875,0.782958984375,-0.055419921875,9.82666015625,-30.761716842651367,15.075682640075684
5698730,-0.4610595703125,0.862548828125,-0.0880126953125,13.671874046325684,-29.846189498901367,11.840819358825684
5698751,-0.4527587890625,0.9287109375,-0.0908203125,13.793944358825684,-27.770994186401367,6.958007335662842
5698770,-0.425537109375,0.9373779296875,-0.1114501953125,14.465331077575684,-26.672361373901367,4.21142578125
5698790,-0.3916015625,0.908447265625,-0.1395263671875,7.995604991912842,-26.245115280151367,-0.1831054538488388
5698811,-0.376220703125,0.8980712890625,-0.09912109375,3.234863042831421,-25.573728561401367,-1.4648436307907104
5698838,-0.365966796875,0.8739013671875,-0.0853271484375,-2.197265625,-23.437498092651367,-2.563476324081421
5698858,-0.36767578125,0.865966796875,-0.0648193359375,-6.042479991912842,-21.728513717651367,-3.356933355331421
5698878,-0.3758544921875,0.85498046875,-0.0833740234375,5.065917491912842,-15.747069358825684,-6.896972179412842
5698899,-0.3846435546875,0.8564453125,-0.09326171875,11.657713890075684,-13.916014671325684,-7.446288585662842
5698925,-0.398681640625,0.8736572265625,-0.0516357421875,15.502928733825684,-11.413573265075684,-7.568358898162842
5698946,-0.40185546875,0.87109375,-0.0343017578125,22.277830123901367,-7.690429210662842,-7.385253429412842
5698967,-0.4088134765625,0.9500732421875,-0.042724609375,28.198240280151367,-4.45556640625,-7.263183116912842
5698987,-0.421875,1.001953125,-0.0516357421875,30.639646530151367,0,-10.925292015075684
5699011,-0.4329833984375,1.0233154296875,-0.0504150390625,31.738279342651367,2.38037109375,-14.160155296325684
5699031,-0.4342041015625,0.9918212890625,-0.0396728515625,28.320310592651367,3.723144292831421,-15.197752952575684
5699052,-0.4263916015625,0.971435546875,-0.0472412109375,24.963376998901367,5.126952648162842,-14.099120140075684
5699071,-0.4359130859375,0.9888916015625,-0.0794677734375,22.155759811401367,5.920409679412842,-12.268065452575684
5699091,-0.4541015625,1.044921875,-0.0948486328125,21.789548873901367,4.94384765625,-13.000487327575684
5699117,-0.459716796875,1.0592041015625,-0.0885009765625,15.502928733825684,3.723144292831421,-15.136717796325684
5699138,-0.4541015625,1.0299072265625,-0.0570068359375,5.737304210662842,2.807616949081421,-15.808104515075684
5699159,-0.4454345703125,0.9921875,-0.020751953125,0.6103515625,2.929687261581421,-14.526366233825684
5699180,-0.434326171875,0.9818115234375,-0.0433349609375,-8.4228515625,2.868652105331421,-11.413573265075684
5699206,-0.428466796875,0.983642578125,-0.06103515625,-9.521484375,1.8310545682907104,-11.047362327575684
5699227,-0.4228515625,0.9698486328125,-0.0712890625,-12.023924827575684,0.6713866591453552,-12.084959983825684
5699247,-0.415283203125,0.9365234375,-0.0513916015625,-15.380858421325684,0.0610351525247097,-13.427733421325684
5699268,-0.4102783203125,0.9127197265625,-0.0316162109375,-15.319823265075684,0.7934569716453552,-13.122557640075684
5699288,-0.401123046875,0.898193359375,-0.04736328125,-18.61572265625,1.15966796875,-11.169432640075684
5699313,-0.3992919921875,0.901123046875,-0.0516357421875,-21.362302780151367,0.8544921278953552,-9.1552734375
5699333,-0.3978271484375,0.9110107421875,-0.0440673828125,-17.08984375,1.0986328125,-8.72802734375